solo_id,medium_title,band_name,leader_name,track_title,line_up,instrument,recording_year,performer_new,instrument_corrected
AQAEBkmeRkq04L6xy8UP28eDdy8eDrWP_0.00.34.041197-0.01.20.038748,Howard McGhee Vol. 3 (1948-49),Howard McGhee,Howard McGhee,Fiesta,"Howard McGhee (tp), Jimmy Heath (bs, as), Joe Harris (dr), Milt Jackson (vib), Percy Heath (b), Will Davis (p)",ts,1948,Jimmy Heath,bs
AQAEvomSPIoiwW9Q-Tj2HJdsMN8B8_hw_0.01.12.050430-0.01.59.078594,,Dizzy Gillespie,Dizzy Gillespie,The pushers,,tp,1964,Dizzy Gillespie,
AQAEyomSSGKShrg61HpwC6Geo1Gq4KGJ_0.00.38.093986-0.01.25.025206,,The Crusaders,,Isa's chant,,tb,1966,Wayne Henderson,
AQAF3HwWF9fRJ0yQLGuEHM-F50ng9fiP_0.01.05.029451-0.01.47.022975,,Dizzy Gillespie,Dizzy Gillespie,Never on Sunday,,tp,1963,Dizzy Gillespie,
AQAF7VKUSYmuBM2eI3nyJMhzWE92jA-a_0.01.35.050367-0.02.00.054639,Miles Davis Vol. 2 (1949-50),Miles Davis' Nonet,Miles Davis,Godchild  ,"Al Haig (p), Bill Barber (other), Gerry Mulligan (bs, other), Joe Shulman (b), John Lewis (other), Junior Collins (other), Kai Winding (tb), Lee Konitz (as), Max Roach (dr), Miles Davis (tp)",ts,1949,Gerry Mulligan,bs
AQAFBkmiiFnCSThpdPDRP9h34spx9ILh_0.00.58.048816-0.01.24.003591,,The Crusaders,,Black bird,"Joe Sample (p), Stix Hooper (other, dr)",ts,1970,Wilton Felder,
AQAFCVGyLIkiZWidAznOo5GkBT7y44dY_0.02.06.078095-0.02.42.022666,,Dizzy Gillespie,Dizzy Gillespie,Duke's awakening,,tp,1964,Dizzy Gillespie,
AQAFamum7EmQB8mD63h-VD_-ojYlvO8Q_0.01.20.033523-0.01.52.038458,,Joe Pass,,The sweetest sounds,"Frank Strazzeri (p), Jim Hughart (b), Joe Pass (g), John Pisano (g)",ts,1964,Bill Perkins,
AQAFe0qk6EosTDQdONTRJYxwurgteNFx_0.01.15.063099-0.02.56.040000,,Maynard Ferguson,Maynard Ferguson,Antibes,,ts,1962,Don Menza,
AQAFnQkfa5GC68EbBnnn4MkFP8Qz_Lgf_0.01.18.029768-0.01.51.008426,Louis Armstrong And The Blues Singers 1926-27,Nolan Welsh,Nolan Welsh,St. Peter Blues ,"Louis Armstrong (cor), Nolan Welsh (voc), Richard M. Jones (p)",tb,1926,Louis Armstrong,cor
AQAFqpISRbESEfmR7Awa7RmOP7iO78jl_0.02.14.011845-0.02.37.061705,Louis Armstrong And The Blues Singers 1926-27,Sippie Wallace,Sippie Wallace,The Mail Train Blues ,"Hersal Thomas (p), Louis Armstrong (cor), Sippie Wallace (voc)",tb,1926,Louis Armstrong,cor
AQAFt4lEKtOa4EmyFydToj384GMUOITO_0.01.48.001922-0.02.28.023619,Louis Armstrong And The Blues Singers 1926-27,Sippie Wallace,Sippie Wallace,A Man For Every Day In The Week ,"Hersal Thomas (p), Louis Armstrong (cor), Sippie Wallace (voc)",tb,1926,Louis Armstrong,cor
AQAFtlIUMRKboDx6-GFxCRauLUFuPNCs_0.00.42.061442-0.01.13.042149,Glenn Miller 1938-42,Glenn Miller And His Orchestra,Glenn Miller,I Want To Be Happy,"Al Klink (ts), Al Mastren (tb), Chummy McGregor (p), Clyde Hurley (tp), Dale 'Mickey' McMickle (tp), Dick Fisher (g), Eddie Durham (other), Glenn Miller (other, tb), Hal McIntyre (as), Hal Tennyson (bs, as), Leigh Knowles (tp), Marion Hutton (voc), Maurice Purtill (dr), Paul Tanner (tb), Rollie Bundock (b), Tex Beneke (ts), Wilbur Schwartz, (cl, as)",cl,1939,,
AQAFwVISJUkiKxOuKkX5oXmDdhl-nJLx_0.01.49.096970-0.02.26.028571,Louis Armstrong And The Blues Singers 1925-26 ,Blanche Calloway,Blanche Calloway,Lazy Woman Blues ,"Blanche Calloway (voc), Louis Armstrong (cor), Richard M. Jones (p)",tb,1925,Louis Armstrong,cor
AQAFzkmSJI2ibBGaxAv6Iz2DXniioF-O_0.01.07.083854-0.01.39.070068,,The Crusaders,,The thrill is gone,"Joe Sample (p), Stix Hooper (dr)",tp,1970,Wayne Henderson,tb
AQAFzkmSJI2ibBGaxAv6Iz2DXniioF-O_0.01.39.070068-0.02.08.088888,,The Crusaders,,The thrill is gone,"Joe Sample (p), Stix Hooper (dr)",ts,1970,Wilton Felder,
AQAGH05OTSmS6wr2BA8PTU_ho2RNnIYW_0.00.43.004979-0.01.07.088353,,Maynard Ferguson,Maynard Ferguson,Spookin',,as,1962,Lanny Morgan,
AQAGH05OTSmS6wr2BA8PTU_ho2RNnIYW_0.01.23.010421-0.01.49.087682,,Maynard Ferguson,Maynard Ferguson,Spookin',,tp,1962,"Gene Coe, Natale Pavone, Don Rader",
AQAGH05OTSmS6wr2BA8PTU_ho2RNnIYW_0.01.49.087682-0.02.13.009968,,Maynard Ferguson,Maynard Ferguson,Spookin',,tp,1962,"Gene Coe, Natale Pavone, Don Rader",
AQAGW4rSJMumKMFTbDv6UEiaLjviB6eM_0.01.45.011673-0.02.29.021142,,The Crusaders,,Love and peace,Joe Sample (p),ts,1968,Wilton Felder,
AQAGZZKeKJ2SoI5yODysP0SviEL1oFmS_0.01.07.047428-0.02.29.079192,,The Jazz Passengers,,Inzane,"Bill Ware (other, voc, vib), Brad Jones (b, voc), Curtis Fowlkes (voc, tb), Jim Nolet (other, vln, g), Rodriguez (), Roy Nathanson (ts, voc, as, other, ss)",tp,1993,Curtis Fowlkes,tb
AQAGZkkURYoySUU-8EeYjQn0w9dwbGdz_0.01.09.023115-0.01.42.089512,,Peter Appleyard,Peter Appleyard,A smooth one,"Bobby Hackett (cor), Hank Jones (p), Mel Lewis (dr), Peter Appleyard (vib), Slam Stewart (b), Urbie Green (tb), Zoot Sims (ts)",tp,1974,Bobby Hackett,
AQAGn8sURWGSbAl-MD0cMSMOHMmsI2am_0.01.15.051999-0.01.39.098222,,Thad Jones,,Tip toe,"Al Grey (tb), Billy Mitchell (ts), Frank Wess (as), Hank Jones (p), Osie Johnson (dr), Richard Davis (b), Thad Jones (tp)",fl,1960,,
AQAH2Y6Wy7gJ7PiKXMUf_NCuw9LOISes_0.01.20.006530-0.02.11.014630,,Clifford Jordan,Clifford Jordan,Prayer to the people,"Billy Higgins (dr), Cedar Walton (p), Clifford Jordan (ts), Sam Jones (b)",as,1973,Clifford Jordan,ts
AQAHH9EohcnGoPzRhHzwJFmO82j0HCX0_0.01.11.037959-0.02.03.068979,,Air,,King Porter stomp,,ts,1979,Henry Threadgill,
AQAHH9EohcnGoPzRhHzwJFmO82j0HCX0_0.02.44.070204-0.03.38.097142,,Air,,King Porter stomp,,ts,1979,Henry Threadgill,
AQAHJEmiaGGShAtyhL9gNk-C48YP50P9_0.01.48.040816-0.03.48.096326,,Yellowjackets,,Silent night,"Bob Mintzer (ts), Jimmy Haslip (b), Marcus Baylor (dr), Russell Ferrante (other)",ss,2003,Bob Mintzer,
AQAHXUpSRSFDqMe1weoF6imG40FaFclv_0.00.38.087020-0.01.12.072489,,Garvin Bushell,Garvin Bushell,I want to be happy,"Garvin Bushell (other, cl), Ray Skjelbred (p), Richard Hadlock (ss), Stu Wilson (b)",as,1982,Richard Hadlock,ss
AQAHXUpSRSFDqMe1weoF6imG40FaFclv_0.01.12.072489-0.01.44.039691,,Garvin Bushell,Garvin Bushell,I want to be happy,"Garvin Bushell (other, cl), Ray Skjelbred (p), Richard Hadlock (ss), Stu Wilson (b)",ts,1982,Garvin Bushell,other
AQAHXUpSRSFDqMe1weoF6imG40FaFclv_0.01.44.039691-0.02.15.083673,,Garvin Bushell,Garvin Bushell,I want to be happy,"Garvin Bushell (other, cl), Ray Skjelbred (p), Richard Hadlock (ss), Stu Wilson (b)",tp,1982, Leon Oakley,cor
AQAHeosXLeLwLAr846ky_PiDPRqabTqS_0.02.40.081269-0.03.04.084825,Dizzy Gillespie & Charlie Parker Vol. 2 (1945),Red Norvo And His Selected Sextet,Red Norvo,Hallelujah,"Charlie Parker (as), Dizzy Gillespie (tp), Flip Philips (ts), Red Norvo (vib), Slam Stewart (b), Specs Powell (dr), Teddy Wilson (p)",voc,1945,Slam Stewart,
AQAHqMrCSIsSJUQfHv4HfipCHnqy4zoC_0.01.07.001278-0.01.35.052689,,Maynard Ferguson,Maynard Ferguson,September moan,,ts,1962,Don Menza,
AQAHqMrCSIsSJUQfHv4HfipCHnqy4zoC_0.01.50.024834-0.02.26.044897,,Maynard Ferguson,Maynard Ferguson,September moan,,ts,1962,Don Menza,
AQAHqMrCSIsSJUQfHv4HfipCHnqy4zoC_0.02.40.079818-0.02.54.036734,,Maynard Ferguson,Maynard Ferguson,September moan,,ts,1962,Don Menza,
AQAHu4qWTRFVJBfy7Pjx5XByL3hdBekb_0.01.57.095736-0.02.33.062321,,Stan Kenton,,Tonight,,tp,1970,"Dennis Noday , Jim Kartchner , Joe Ellis , Mike Vax , Warren Gale",
AQAIkIwSJcsqBudxol-RQx9-PIdmDmme_0.00.47.080408-0.01.57.009387,,Tom Dempsey,Tom Dempsey,Focus pocus,"Eliot Zigmund (dr), Joel Frahm (ss, ts), Tim Ferguson (b), Tom Dempsey (g)",as,2010,Joel Frahm,ts
AQAIklGSSVHSZEmQ_jCP8gR32kIjc0Wo_0.02.00.055510-0.04.05.081224,,Jeremy Udden,Jeremy Udden,Big lick,"Brandon Seabrook (g, bjo), Eivind Opsvik (b), Jeremy Udden (other, as, ss), Miller (), Pete Rende (g, p, other, org)",ts,2008,Jeremy Udden,as
AQAIlose9cIDXsWTHPvxHk19PAxzXHtw_0.01.38.048163-0.01.49.019183,,Esperanza Spalding,Esperanza Spalding,Crowned & kissed,"Algebra Blessett (voc), Billy Hart (dr), Esperanza Spalding (voc, b), Jef Lee Johnson (g), Joe Lovano (ts), Leni Stern (voc), Leo Genovese (p), Lionel Loueke (voc, g)",tb,2011,Jeff Galindo,
AQAIlose9cIDXsWTHPvxHk19PAxzXHtw_0.02.16.075102-0.02.34.084081,,Esperanza Spalding,Esperanza Spalding,Crowned & kissed,"Algebra Blessett (voc), Billy Hart (dr), Esperanza Spalding (voc, b), Jef Lee Johnson (g), Joe Lovano (ts), Leni Stern (voc), Leo Genovese (p), Lionel Loueke (voc, g)",tb,2011,Jeff Galindo,
AQAItYmkZGMipfiT4Dya6whFh8OzZMeR_0.00.44.081451-0.01.02.083319,,David Buchbinder,David Buchbinder,Freylekhs tumbao,"Aleksandar Gajic (vln), Dafnis Prieto (dr), David Buchbinder (tp), Hilario Duran (p), John Gzowski (other), Quinsin Nachoff (other), Roberto Occhipinti (b)",ts,2007,Quinsin Nachoff,
AQAJ6ZKyb01QkTuaKUpG4Z-Q_EIenHhi_0.02.04.059827-0.03.11.028598,,The Crusaders,,Anita's new dance,"Buster Williams (b), Joe Sample (p), Stix Hooper (dr), Wayne Henderson (tb), Wilton Felder (ts)",tp,1970,Wayne Henderson,
AQAJA2GkJUmkJVEQPsGspMeVyaD5YMon_0.01.39.070938-0.02.51.007591,,Clare Fischer,Clare Fischer,C.P.,"Brent Fischer (b, dr), Clare Fischer (other), Dick Mitchell (other), Luis Conte (other), Michito Sanchez (other), Tris Imboden (dr)",fl,1989,Dick Mitchell,
AQAJNUmUTEmyKImWwMeDH4dxPfhxPPCO_0.01.29.052163-0.02.15.041877,,Clare Fischer,Clare Fischer,Xapuri,"Brent Fischer (b), Clare Fischer (other), Dick Mitchell (other), Luis Conte (other), Michito Sanchez (other), Tris Imboden (dr)",fl,1989,Dick Mitchell,
AQAJPJG0TIySJQmaX_hPnOgOb8mMH5rp_0.01.55.017097-0.03.18.094857,,Oliver Nelson,Oliver Nelson,Cool,"Phil Bodner (other), Phil Kraus (other, vib)",as,1963,Oliver Nelson,
AQAJPVmihEkiJUyCHw_W73DFQ_vxB6GH_0.00.59.056789-0.01.34.095365,,The Crusaders,,White cobra,Victor Gaskin (b),ts,1965,Wilton Felder,
AQAJPVmihEkiJUyCHw_W73DFQ_vxB6GH_0.01.34.095365-0.02.11.016952,,The Crusaders,,White cobra,Victor Gaskin (b),tp,1965,Wayne Henderson,tb
AQAJh8oSKdGiTkCvw_ghHz3a47hnHL6g_0.01.25.038360-0.03.00.086603,,Miles Davis,Miles Davis,Improvisation #3,,vib,1970,Chick Corea,other
AQAJmVHyJtGDq9iXHw_zDH52lDx0ouQV_0.00.50.059628-0.02.13.039863,,Peter Appleyard,Peter Appleyard,Tangerine,"Bobby Hackett (cor), Hank Jones (p), Mel Lewis (dr), Peter Appleyard (vib), Slam Stewart (b), Urbie Green (tb), Zoot Sims (ts)",tp,1974,Bobby Hackett,cor
AQAJrJI2iZIWvEdfND-eJERyOQgTP6iS_0.00.38.080054-0.01.53.056879,,The Nice Guy Trio,,See ya,"Aaron Keirbel (other), Daniel Fabricant (b), Darren Johnston (tp), Rob Reich (other)",cl,2009,Ben Goldberg,
AQAJzUySRIwSEb_R5Mihc8ijL6j8qSgn_0.01.01.083764-0.01.50.064308,,Clare Fischer,Clare Fischer,Pan pipe dance,"Brent Fischer (b), Clare Fischer (other), Dick Mitchell (other), Luis Conte (other), Michito Sanchez (other), Tris Imboden (dr)",fl,1989,Dick Mitchell,
AQAJzUySRIwSEb_R5Mihc8ijL6j8qSgn_0.01.50.064308-0.02.38.040000,,Clare Fischer,Clare Fischer,Pan pipe dance,"Brent Fischer (b), Clare Fischer (other), Dick Mitchell (other), Luis Conte (other), Michito Sanchez (other), Tris Imboden (dr)",vib,1989,,
AQAK19sYdYoUnHiG6x_iJEPy48L1g0-i_0.03.08.053151-0.04.34.038730,,Don Pullen,Don Pullen,Sun watchers,"Cameron Brown (b), Dannie Richmond (dr), Don Pullen (p), George Adams (fl, ts)",as,1987,George Adams,ts
AQAK3eQnzbg05EmSHMmOJk-O5-jSOWim_0.00.37.019836-0.01.47.081024,Modern Mainstream - Zoot Sims,Zoot Sims Quartet,Zoot Sims,Zonkin',"Gus Johnson (dr), John Williams (p), Nabil 'Knobby' Totah (b), Zoot Sims (bar (p), as (p), ts) by means of overdubbing (p)",as,1956,Zoot Sims,
AQAK3eQnzbg05EmSHMmOJk-O5-jSOWim_0.02.56.093605-0.04.09.077705,Modern Mainstream - Zoot Sims,Zoot Sims Quartet,Zoot Sims,Zonkin',"Gus Johnson (dr), John Williams (p), Nabil 'Knobby' Totah (b), Zoot Sims (bar (p), as (p), ts) by means of overdubbing (p)",as,1956,Zoot Sims,
AQAK3eQnzbg05EmSHMmOJk-O5-jSOWim_0.04.13.049224-0.04.17.095047,Modern Mainstream - Zoot Sims,Zoot Sims Quartet,Zoot Sims,Zonkin',"Gus Johnson (dr), John Williams (p), Nabil 'Knobby' Totah (b), Zoot Sims (bar (p), as (p), ts) by means of overdubbing (p)",as,1956,Zoot Sims,
AQAK3eQnzbg05EmSHMmOJk-O5-jSOWim_0.04.21.041024-0.04.26.040253,Modern Mainstream - Zoot Sims,Zoot Sims Quartet,Zoot Sims,Zonkin',"Gus Johnson (dr), John Williams (p), Nabil 'Knobby' Totah (b), Zoot Sims (bar (p), as (p), ts) by means of overdubbing (p)",as,1956,Zoot Sims,
AQAK3eQnzbg05EmSHMmOJk-O5-jSOWim_0.04.29.086231-0.04.34.029732,Modern Mainstream - Zoot Sims,Zoot Sims Quartet,Zoot Sims,Zonkin',"Gus Johnson (dr), John Williams (p), Nabil 'Knobby' Totah (b), Zoot Sims (bar (p), as (p), ts) by means of overdubbing (p)",as,1956,Zoot Sims,
AQAKG9ESSZuORPxxKcaTzcF_1CIaLVqO_0.00.43.018040-0.01.22.059918,,Maynard Ferguson,Maynard Ferguson,Great guns,,bs,1962,Frank Hittner,
AQAKG9ESSZuORPxxKcaTzcF_1CIaLVqO_0.02.52.032979-0.03.21.048244,,Maynard Ferguson,Maynard Ferguson,Great guns,,tp,1962,"Gene Coe, Natale Pavone, Don Rader",
AQAKPYn0LEkiLdA56MxYolKOV0c69ai6_0.01.03.071555-0.02.16.039401,,Virginia Mayhew,Virginia Mayhew,Medi II,"Andy Watson (dr), Ed Cherry (g), Harvie Swartz (b), Virginia Mayhew (ts)",tb,2010,Gordon Wycliffe,
AQAKVpK4SInI4PglPOESPESPk0LoLUyQ_0.03.21.064208-0.04.11.042566,,A Salute to Eddie Condon,,Wabash blues,"Allan Vache (cl), Bob Haggart (b), Bob Havens (tb), Butch Miles (dr), Ed Polcer (cor), Jim Douglas (g), John Barnes (voc, bs), Johnny Varro (p)",ts,1993,John Barnes,bs
AQAKWksSRWGSJBFhpZxw_AgfIjl-NMsL_0.02.58.080816-0.04.04.011428,,Kenny Burrell,Kenny Burrell,In a sentimental mood,"Gary Bartz (as), George Mraz (b), Jerome Richardson (ts), Kenny Burrell (g), Nat Adderley (cor), Philly Joe Jones (dr), Quentin Jackson (tb), Sir Roland Hanna (p)",tp,1976,"Thad Jones, Snooky Young ",
AQAKXlqiJWQioQn14TdK6cKfwzqSHzlu_0.03.10.049650-0.04.06.059591,,Chet Baker,Chet Baker,Estate,"Chet Baker (tp), Philip Catherine (g)",flg,1983,Chet Baker,tp
AQAKXomSJFGSZEqyBLIOn_hwoS90H-jh_0.02.31.025478-0.02.56.047165,,Bill Watrous,Bill Watrous,La Fuerza,"Bill Watrous (tb), Harvey Mason (dr), Mike Rubin (other), Neil Stubenhaus (b), Pat Williams (other), Randy Kerber (other), Stuart Canin (other), Tim May (g)",flg,1986,Bill Watrous,tb
AQAKXomSJFGSZEqyBLIOn_hwoS90H-jh_0.03.18.043773-0.03.34.066122,,Bill Watrous,Bill Watrous,La Fuerza,"Bill Watrous (tb), Harvey Mason (dr), Mike Rubin (other), Neil Stubenhaus (b), Pat Williams (other), Randy Kerber (other), Stuart Canin (other), Tim May (g)",flg,1986,Bill Watrous,tb
AQAKXomSJFGSZEqyBLIOn_hwoS90H-jh_0.03.48.034503-0.04.15.047755,,Bill Watrous,Bill Watrous,La Fuerza,"Bill Watrous (tb), Harvey Mason (dr), Mike Rubin (other), Neil Stubenhaus (b), Pat Williams (other), Randy Kerber (other), Stuart Canin (other), Tim May (g)",flg,1986,Bill Watrous,tb
AQAKZLnUhviOZ3iMKb3gZxNRjcE7KdDE_0.01.24.050612-0.02.39.015102,,Gerry Mulligan,Gerry Mulligan,Barbara's theme,,tp,1960,"Conte Candoli, Don Ferrara, Nick Travis",
AQAKZdyeoT_-HI7xBbrx5ug_XMUToWFU_0.01.25.026367-0.02.01.062612,,Garvin Bushell,Garvin Bushell,My daddy rocks me (with one steady roll),"Garvin Bushell (other, cl), Ray Skjelbred (p), Richard Hadlock (ss), Stu Wilson (b)",tp,1982, Leon Oakley,cor
AQAKiMuibVkSBn2Ob4iUa_iPK2km_A-O_0.00.46.088979-0.02.05.051836,,Joe Henderson,Joe Henderson,Our thing,"Andrew Hill (p), Eddie Khan (b)",ts,1963,Joe Henderson,
AQAKiMuibVkSBn2Ob4iUa_iPK2km_A-O_0.02.05.051836-0.03.23.062448,,Joe Henderson,Joe Henderson,Our thing,"Andrew Hill (p), Eddie Khan (b)",tp,1963,Kenny Dorham,
AQAKismTJI8knEdzTFbR0_gNHmbRH8eJ_0.01.43.093251-0.02.39.066040,,Bobby Lewis,Bobby Lewis,Laura,"Alejo Poveda (other), Arnie Roth (vln, other), Bobby Lewis (flg), Florentina Ramniceanu (vln), Jim Ryan (other, p), Paul Wertico (dr)",tp,1993,Bobby Lewis,flg
AQAKismTJI8knEdzTFbR0_gNHmbRH8eJ_0.02.39.066040-0.03.22.001360,,Bobby Lewis,Bobby Lewis,Laura,"Alejo Poveda (other), Arnie Roth (vln, other), Bobby Lewis (flg), Florentina Ramniceanu (vln), Jim Ryan (other, p), Paul Wertico (dr)",fl,1993,Don Shelton,
AQAKismTJI8knEdzTFbR0_gNHmbRH8eJ_0.05.02.075918-0.05.35.080408,,Bobby Lewis,Bobby Lewis,Laura,"Alejo Poveda (other), Arnie Roth (vln, other), Bobby Lewis (flg), Florentina Ramniceanu (vln), Jim Ryan (other, p), Paul Wertico (dr)",tp,1993,Bobby Lewis,flg
AQAKsok2JYsSLcPT4EevQ1SyFbEwPXga_0.01.23.046122-0.01.37.015229,,David Buchbinder,David Buchbinder,Lailadance,"Aleksandar Gajic (vln), Dafnis Prieto (dr), David Buchbinder (tp), Hilario Duran (p), John Gzowski (other), Quinsin Nachoff (other), Roberto Occhipinti (b)",cl,2007,Quinsin Nachoff,
AQAKy0wkhUvCRPBzhPJCLtCPJxpKPkJz_0.03.02.072653-0.04.05.038848,,Bob James,Bob James,Take me there,"Bob James (other, p), Chuck Loeb (g, other), Dave Mann (fl), David Charles (other), Will Lee (b)",ss,1999,Kim Waters,
AQAKzJYoSlqE6eCPPk-RXBmN6Bm-Dv_R_0.03.00.018684-0.03.49.009387,,Echoes of Swing,,Everything that was,"Bernd Lhotzky (other, p), Chris Hopkins (as), Colin Dawson (cor, tp), Henning Gailing (b), Milo Francel (g, other), Oliver Mewes (dr), Pete York (other, dr, voc), Shannon Barnett (voc, tb)",ts,2016,Chris Hopkins,as
AQALglJDSWrQHkn24JbQHSce8WAeK0hG_0.00.51.064117-0.02.10.096054,,Hank Mobley,Hank Mobley,"My groove, your move",Freddie Hubbard (tp),ts,1960,Hank Mobley,
AQALn3SUZJMSJbge_EKy5wrC5BPexA0u_0.02.02.099609-0.03.41.088988,Lester Young Vol. 13 1956-57,Lester Young Sextet,Lester Young,Flic,"Gene Ramey (b), Jo Jones (dr), Lester Young (ts), Teddy Wilson (p)",tb,1957,"Harry ""Sweets"" Edison ",tp
AQALn3SUZJMSJbge_EKy5wrC5BPexA0u_0.04.40.063346-0.04.45.007428,Lester Young Vol. 13 1956-57,Lester Young Sextet,Lester Young,Flic,"Gene Ramey (b), Jo Jones (dr), Lester Young (ts), Teddy Wilson (p)",tb,1957,"Harry ""Sweets"" Edison ",tp
AQALn3SUZJMSJbge_EKy5wrC5BPexA0u_0.04.49.056734-0.04.53.090367,Lester Young Vol. 13 1956-57,Lester Young Sextet,Lester Young,Flic,"Gene Ramey (b), Jo Jones (dr), Lester Young (ts), Teddy Wilson (p)",tb,1957,"Harry ""Sweets"" Edison ",tp
AQALn3SUZJMSJbge_EKy5wrC5BPexA0u_0.04.58.063183-0.05.03.030775,Lester Young Vol. 13 1956-57,Lester Young Sextet,Lester Young,Flic,"Gene Ramey (b), Jo Jones (dr), Lester Young (ts), Teddy Wilson (p)",tb,1957,"Harry ""Sweets"" Edison ",tp
AQALn3SUZJMSJbge_EKy5wrC5BPexA0u_0.05.07.095755-0.05.12.079020,Lester Young Vol. 13 1956-57,Lester Young Sextet,Lester Young,Flic,"Gene Ramey (b), Jo Jones (dr), Lester Young (ts), Teddy Wilson (p)",tb,1957,"Harry ""Sweets"" Edison ",tp
AQALn3SUZJMSJbge_EKy5wrC5BPexA0u_0.05.16.063020-0.05.22.011591,Lester Young Vol. 13 1956-57,Lester Young Sextet,Lester Young,Flic,"Gene Ramey (b), Jo Jones (dr), Lester Young (ts), Teddy Wilson (p)",tb,1957,"Harry ""Sweets"" Edison ",tp
AQALn3SUZJMSJbge_EKy5wrC5BPexA0u_0.05.26.032163-0.05.30.016163,Lester Young Vol. 13 1956-57,Lester Young Sextet,Lester Young,Flic,"Gene Ramey (b), Jo Jones (dr), Lester Young (ts), Teddy Wilson (p)",tb,1957,"Harry ""Sweets"" Edison ",tp
AQALslOcKLqSBH2EX8cfNM-H8DqSbRSP_0.01.36.032653-0.02.14.000816,,Maynard Ferguson,Maynard Ferguson,Statement,,ts,1962,Don Menza,
AQALslOcKLqSBH2EX8cfNM-H8DqSbRSP_0.03.44.000000-0.04.14.021206,,Maynard Ferguson,Maynard Ferguson,Statement,,as,1962,Lanny Morgan,
AQALslOcKLqSBH2EX8cfNM-H8DqSbRSP_0.04.14.021206-0.04.31.011619,,Maynard Ferguson,Maynard Ferguson,Statement,,tp,1962,Maynard Ferguson,
AQAMAJmimkTyBN-O87hGB7syODp2HCez_0.00.51.078049-0.01.28.011972,Lester Young Vol. 13 1956-57,Billie Holiday With Mal Waldron All-Stars,Billie Holiday,Fine And Mellow,"Ben Webster (ts), Billie Holiday (voc), Coleman Hawkins (ts), Danny Barker (g), Doc Cheatham (tp), Jim Atlas (b), Jo Jones (dr), Lester Young (ts), Mal Waldron (p), Vic Dickenson (tb)",as,1957,Lester Young,ts
AQAMMtG0Jzr0qETWFw-b4DucHOd18DLO_0.01.16.093061-0.01.45.088299,,Henry Threadgill,,To be announced,"Diedre Murray (other), Fred Hopkins (b), Henry Threadgill (as, ts, fl), Rasul Siddik (tp), Reggie Nicholson (other)",tb,1986,Frank Lacy,
AQAMQlZOJXjQ5TqSXOEROsEP5mhOIfyD_0.00.28.047346-0.05.44.009795,,Anthony Braxton,Anthony Braxton,Giant steps,Anthony Braxton (as),ts,1979,Anthony Braxton,
AQAMYNuThVIShOYNyh_6hOgl4YccVXh0_0.02.08.045714-0.03.06.071020,,Henry Threadgill,,Good times,"Diedre Murray (other), Fred Hopkins (b), Henry Threadgill (fl, as, ts), Rasul Siddik (tp), Reggie Nicholson (other)",tb,1986,Frank Lacy,
AQAMgFoUJkkToUrJ4VKG_Eh2_CiPqVmT_0.02.56.068063-0.04.31.045287,,Phil Woods,Phil Woods,Groovin' high,"Bill Goodwin (dr), Mike Melillo (p), Phil Woods (ss), Steve Gilmore (b)",ts,1976,Zoot Sims,
AQAMgFoUJkkToUrJ4VKG_Eh2_CiPqVmT_0.04.39.019673-0.04.47.032081,,Phil Woods,Phil Woods,Groovin' high,"Bill Goodwin (dr), Mike Melillo (p), Phil Woods (ss), Steve Gilmore (b)",ts,1976,Zoot Sims,
AQAMgFoUJkkToUrJ4VKG_Eh2_CiPqVmT_0.05.18.065469-0.05.22.062530,,Phil Woods,Phil Woods,Groovin' high,"Bill Goodwin (dr), Mike Melillo (p), Phil Woods (ss), Steve Gilmore (b)",ts,1976,Zoot Sims,
AQAMgFoUJkkToUrJ4VKG_Eh2_CiPqVmT_0.05.25.086448-0.05.30.031836,,Phil Woods,Phil Woods,Groovin' high,"Bill Goodwin (dr), Mike Melillo (p), Phil Woods (ss), Steve Gilmore (b)",ts,1976,Zoot Sims,
AQAMgFoUJkkToUrJ4VKG_Eh2_CiPqVmT_0.05.30.031836-0.05.33.047918,,Phil Woods,Phil Woods,Groovin' high,"Bill Goodwin (dr), Mike Melillo (p), Phil Woods (ss), Steve Gilmore (b)",ts,1976,Zoot Sims,
AQAMlGWSKImUNdhTUD9ObD98ocqON1eG_0.04.01.033079-0.05.38.085460,,Henry Threadgill,,Theme from Thomas Cole,"Diedre Murray (other), Fred Hopkins (b), Henry Threadgill (fl, as, ts), Rasul Siddik (tp), Reggie Nicholson (other)",tb,1986,Frank Lacy,
AQAMv1O0WYmSCIwSXYiRPDiar-D7JHhu_0.02.20.043428-0.04.23.022140,,Dexter Gordon,Dexter Gordon,Field day,"Charles Green (b), Dexter Gordon (ts), Dolo Coker (p), Larance Marable (dr), Martin Banks (tp), Richard Boone (tb)",as,1960,Dexter Gordon,ts
AQAMwUn2aVmSBNKpHBGZH54oHk-cPMOP_0.03.28.097959-0.04.56.009795,,The Crusaders,,Another blues,"Buster Williams (b), Joe Sample (p), Stix Hooper (other, dr), Wayne Henderson (tb), Wilton Felder (ts)",as,1970,Wilton Felder,ts
AQAN-RKZbNGY4MeP_yhcKti-I4saQRfW_0.03.18.057705-0.04.28.060843,,Frank Rosolino,Frank Rosolino,Violets,Jerry van Rooyen (other),tb,1973,Frank Rosolino,
AQAN-RKZbNGY4MeP_yhcKti-I4saQRfW_0.06.17.073061-0.07.13.089387,,Frank Rosolino,Frank Rosolino,Violets,Jerry van Rooyen (other),tb,1973,Frank Rosolino,
AQANDMmjaIomIbmU6mj-YA8rPBlcKTUe_0.02.25.007827-0.03.49.035510,,Kenny Burrell,Kenny Burrell,I let a song go out of my heart,"Gary Bartz (as), George Mraz (b), Kenny Burrell (g), Nat Adderley (cor), Philly Joe Jones (dr), Quentin Jackson (tb), Sir Roland Hanna (p)",tp,1976,Nat Adderley,cor
AQANR0zCLJmYDE3SLMePH79Q-kFCckfI_0.01.45.013995-0.03.36.040997,,Volker Kriegel,Volker Kriegel,Django,"Dieter Matschoss (dr), Helmut Kampe (b), Volker Kriegel (g)",vib,1963,Claudio Szenka,
AQANS0lSSRGTUNB5NA-NozKPTh3847vw_0.03.00.024489-0.03.59.015102,,Bobby Lewis,Bobby Lewis,Favela,"Arnie Roth (vln, other), Bobby Lewis (flg), Florentina Ramniceanu (vln), Jim Ryan (p, other), John Whitfield (b), Paul Wertico (dr)",tp,1993,Bobby Lewis,flg
AQANWFmSKxmTREGeFdOPBznD4xukPqhp_0.02.47.044489-0.03.53.027346,,Henry Threadgill,,Black hands bejewelled,"Diedre Murray (other), Fred Hopkins (b), Henry Threadgill (ts, cl, as), Rasul Siddik (tp), Reggie Nicholson (dr)",tb,1987,Frank Lacy,
AQANgqGSKMqsIhJ_4wefrKj9I8wO_U-I_0.01.26.059591-0.02.39.034693,,Bobby Lewis,Bobby Lewis,Little sunflower,"Arnie Roth (other, vln), Bobby Lewis (flg), Curtis Robinson (g), Florentina Ramniceanu (vln), Jim Ryan (p, other), Paul Wertico (dr)",tp,1993,Bobby Lewis,flg
AQANgqGSKMqsIhJ_4wefrKj9I8wO_U-I_0.02.39.034693-0.03.50.066122,,Bobby Lewis,Bobby Lewis,Little sunflower,"Arnie Roth (other, vln), Bobby Lewis (flg), Curtis Robinson (g), Florentina Ramniceanu (vln), Jim Ryan (p, other), Paul Wertico (dr)",ss,1993,Don Shelton,
AQANncsiLZKUCX9wH_h5hE-UKUgWVRFx_0.00.37.052344-0.03.50.071346,,Anthony Braxton,Anthony Braxton,You stepped out of a dream,"Anthony Braxton (fl, ss, bcl, as, cl, other), Dave Holland (b)",ts,1975,Anthony Braxton,
AQANtUySLEw4on-QOOGH_MEROtFuaNlP_0.01.48.001632-0.02.42.087346,,Dizzy Gillespie,Dizzy Gillespie,Walk on the wild side,,ts,1963,James Moody,
AQANtUySLEw4on-QOOGH_MEROtFuaNlP_0.02.42.087346-0.04.29.019183,,Dizzy Gillespie,Dizzy Gillespie,Walk on the wild side,,tp,1963,Dizzy Gillespie,
AQAO8ZlISoskKHT4IV9BSw_6a7iOw-dR_0.00.59.007156-0.02.31.020834,,Phil Woods,Phil Woods,Reet's neet,"Bill Goodwin (dr), Hal Galper (p), Phil Woods (as), Steve Gilmore (b)",ts,1981,Phil Woods,as
AQAO8ZlISoskKHT4IV9BSw_6a7iOw-dR_0.05.29.060000-0.05.39.019999,,Phil Woods,Phil Woods,Reet's neet,"Bill Goodwin (dr), Hal Galper (p), Phil Woods (as), Steve Gilmore (b)",ts,1981,Phil Woods,as
AQAO8ZlISoskKHT4IV9BSw_6a7iOw-dR_0.05.42.098775-0.05.49.077959,,Phil Woods,Phil Woods,Reet's neet,"Bill Goodwin (dr), Hal Galper (p), Phil Woods (as), Steve Gilmore (b)",ts,1981,Phil Woods,as
AQAO8ZlISoskKHT4IV9BSw_6a7iOw-dR_0.05.54.041632-0.06.00.068571,,Phil Woods,Phil Woods,Reet's neet,"Bill Goodwin (dr), Hal Galper (p), Phil Woods (as), Steve Gilmore (b)",ts,1981,Phil Woods,as
AQAO8ZlISoskKHT4IV9BSw_6a7iOw-dR_0.06.05.032244-0.06.12.044081,,Phil Woods,Phil Woods,Reet's neet,"Bill Goodwin (dr), Hal Galper (p), Phil Woods (as), Steve Gilmore (b)",ts,1981,Phil Woods,as
AQAO8ZlISoskKHT4IV9BSw_6a7iOw-dR_0.06.15.090204-0.06.22.056326,,Phil Woods,Phil Woods,Reet's neet,"Bill Goodwin (dr), Hal Galper (p), Phil Woods (as), Steve Gilmore (b)",ts,1981,Phil Woods,as
AQAO8ZlISoskKHT4IV9BSw_6a7iOw-dR_0.06.27.033061-0.06.33.086122,,Phil Woods,Phil Woods,Reet's neet,"Bill Goodwin (dr), Hal Galper (p), Phil Woods (as), Steve Gilmore (b)",ts,1981,Phil Woods,as
AQAO8ZlISoskKHT4IV9BSw_6a7iOw-dR_0.06.38.056326-0.06.44.080000,,Phil Woods,Phil Woods,Reet's neet,"Bill Goodwin (dr), Hal Galper (p), Phil Woods (as), Steve Gilmore (b)",ts,1981,Phil Woods,as
AQAO8ZlISoskKHT4IV9BSw_6a7iOw-dR_0.06.50.022040-0.06.56.009795,,Phil Woods,Phil Woods,Reet's neet,"Bill Goodwin (dr), Hal Galper (p), Phil Woods (as), Steve Gilmore (b)",ts,1981,Phil Woods,as
AQAOPsoUSlGybHgoDx_qHT4z4enxCFSe_0.01.20.052680-0.02.57.037142,,Gigi Gryce,Gigi Gryce,A night in Tunisia,"Eddie Costa (vib), Gigi Gryce (as), Julian Euell (b), Mickey Roker (dr), Richard Williams (tp), Richard Wyands (p)",ts,1961,Gigi Gryce,as
AQAO_0q26FSDI38Ofc1T8EN4pphyCj-P_0.01.28.032870-0.01.44.002539,,Oliver Lake,Oliver Lake,Palma,"Chris Beck (dr), Freddie Hendrix (tp), Jared Gold (org), Oliver Lake (fl, as)",ts,2013,Oliver Lake,as
AQAO_mIURaGSbPgetNuRLE6LPNVR62g-_0.01.38.048163-0.03.48.070204,,Kenny Garrett,Kenny Garrett,Gendai,"Charnett Moffett (b), Chris Dave (dr), Kenny Garrett (ss, as), Vernell Brown (p)",ts,2001,Kenny Garrett,as
AQAOe3KSJMykKdiTI2wuiEcW6cOPlYgp_0.04.13.077959-0.05.39.059183,,Oliver Lake,Oliver Lake,What I heard,"Chris Beck (dr), Freddie Hendrix (tp), Jared Gold (org), Oliver Lake (fl, as)",ts,2013,Oliver Lake,as
AQAOktSyiGmiBHmmI3nQ56gd9MrR4M2P_0.04.00.006530-0.05.21.056734,,McCoy Tyner,McCoy Tyner,Just feelin',"Al Foster (dr), Charles Fambrough (b), George Adams (ts), Guilherme Franco (other), John Blake (vln), McCoy Tyner (p)",ss,1979,Joe Ford,
AQAOstLFLNEiXCfOKMfz4Dl6eKGPUMmT_0.01.20.019591-0.03.51.096734,,Henry Threadgill,,Between orchids lilies blind eyes and cricket,"Brandon Ross (g), Gene Lake (dr), Henry Threadgill (as, fl), Marcus Rojas (other), Mark Taylor (flg), Masujaa (g)",ts,1994,Henry Threadgill,as
AQAP30omKUm2KYGrjInwa8SP7ENxPD_M_0.00.37.048571-0.02.58.041632,,Phil Woods,Phil Woods,I'm late,"Bill Goodwin (dr), Mike Melillo (p), Phil Woods (as), Steve Gilmore (b)",ss,1976,Phil Woods,
AQAP30omKUm2KYGrjInwa8SP7ENxPD_M_0.05.07.075510-0.05.19.041224,,Phil Woods,Phil Woods,I'm late,"Bill Goodwin (dr), Mike Melillo (p), Phil Woods (as), Steve Gilmore (b)",ss,1976,Phil Woods,
AQAP30omKUm2KYGrjInwa8SP7ENxPD_M_0.05.25.055102-0.05.32.080000,,Phil Woods,Phil Woods,I'm late,"Bill Goodwin (dr), Mike Melillo (p), Phil Woods (as), Steve Gilmore (b)",ss,1976,Phil Woods,
AQAP30omKUm2KYGrjInwa8SP7ENxPD_M_0.05.37.092653-0.05.43.024897,,Phil Woods,Phil Woods,I'm late,"Bill Goodwin (dr), Mike Melillo (p), Phil Woods (as), Steve Gilmore (b)",ss,1976,Phil Woods,
AQAP30omKUm2KYGrjInwa8SP7ENxPD_M_0.07.15.023482-0.08.22.057269,,Phil Woods,Phil Woods,I'm late,"Bill Goodwin (dr), Mike Melillo (p), Phil Woods (as), Steve Gilmore (b)",ss,1976,Phil Woods,
AQAP7pEWKVKSjEH1z_g2MHNk_MZzvKEw_0.03.22.084952-0.05.21.017841,,Ray Levier,Ray Levier,Bait tone blues,Mike Stern (g),ts,2007,David Binney,
AQAP7pEWKVKSjEH1z_g2MHNk_MZzvKEw_0.06.57.030612-0.07.07.016734,,Ray Levier,Ray Levier,Bait tone blues,Mike Stern (g),ts,2007,David Binney,
AQAP7pEWKVKSjEH1z_g2MHNk_MZzvKEw_0.07.36.009795-0.07.46.015510,,Ray Levier,Ray Levier,Bait tone blues,Mike Stern (g),ts,2007,David Binney,
AQAPk5umNEq2BPsL7RkeRjm8ZF1R6Tse_0.00.53.031301-0.03.31.085306,,Phil Woods,Phil Woods,If I should lose you,"Bill Goodwin (dr), Mike Melillo (p), Steve Gilmore (b), Zoot Sims (ts)",as,1976,Phil Woods,
AQAPvYmSSJKUSAmDP_Bx34Cf43zw4Y9x_0.00.43.036326-0.03.40.073469,,Art Pepper,Art Pepper,Avalon,"Art Pepper (as), Billy Higgins (dr), George Cables (p), Tony Dumas (other)",ts,1979,Warne Marsh,
AQAPvYmSSJKUSAmDP_Bx34Cf43zw4Y9x_0.05.50.062857-0.05.58.098775,,Art Pepper,Art Pepper,Avalon,"Art Pepper (as), Billy Higgins (dr), George Cables (p), Tony Dumas (other)",ts,1979,Warne Marsh,
AQAPvYmSSJKUSAmDP_Bx34Cf43zw4Y9x_0.06.06.088979-0.06.11.091836,,Art Pepper,Art Pepper,Avalon,"Art Pepper (as), Billy Higgins (dr), George Cables (p), Tony Dumas (other)",ts,1979,Warne Marsh,
AQAPvYmSSJKUSAmDP_Bx34Cf43zw4Y9x_0.06.15.005306-0.06.19.003673,,Art Pepper,Art Pepper,Avalon,"Art Pepper (as), Billy Higgins (dr), George Cables (p), Tony Dumas (other)",ts,1979,Warne Marsh,
AQAPvYmSSJKUSAmDP_Bx34Cf43zw4Y9x_0.06.22.043265-0.06.27.016734,,Art Pepper,Art Pepper,Avalon,"Art Pepper (as), Billy Higgins (dr), George Cables (p), Tony Dumas (other)",ts,1979,Warne Marsh,
AQAPvYmSSJKUSAmDP_Bx34Cf43zw4Y9x_0.06.38.013877-0.06.42.077551,,Art Pepper,Art Pepper,Avalon,"Art Pepper (as), Billy Higgins (dr), George Cables (p), Tony Dumas (other)",ts,1979,Warne Marsh,
AQAPvYmSSJKUSAmDP_Bx34Cf43zw4Y9x_0.07.26.030204-0.08.16.084897,,Art Pepper,Art Pepper,Avalon,"Art Pepper (as), Billy Higgins (dr), George Cables (p), Tony Dumas (other)",ts,1979,Warne Marsh,
AQAPyFuiKNkVxDKRPMeLq8kS9MIlH42-_0.01.55.046122-0.03.22.057959,,Joan Hickey,Joan Hickey,The man I love,"Dana Hall (dr), Dennis Carroll (b), Joan Hickey (p), John Wojciechowski (ts), Tito Carrillo (tp)",ss,2007,John Wojciechowski,
AQAQ0kl0KeUCHz-ejIafEP3xvPhSKriC_0.03.33.025206-0.05.38.008253,,Henry Threadgill,,Go to far,"Brandon Ross (g), Henry Threadgill (as, fl), Lewis (), Tony Cedras (other)",ts,1996,Henry Threadgill,as
AQAQ1aJSJdKUBd9RKtOHE_WUB19W9CGF_0.01.52.084897-0.04.50.093877,,Stan Kenton,,Hey Jude,,ts,1970," Richard Torres, Bob Crosby",
AQAQ1aJSJdKUBd9RKtOHE_WUB19W9CGF_0.05.12.094693-0.07.35.005306,,Stan Kenton,,Hey Jude,,tp,1970,"Dennis Noday,  Jim Kartchner,  Joe Ellis, Mike Vax, Warren Gale",
AQAQBlGjZMoiRD--6HjQJHnR1xqeoy9y_0.00.56.074956-0.02.42.063256,,Garry Lee,Garry Lee,Rock solid,"David Vrcic (other, dr), Don Gomes (tp, p), Garry Lee (other, g, vib), Murray Wilkins (b), Roger Garrood (fl, other), Victoria Newton (bcl, voc)",ts,1990,Roger Garrood,
AQAQBlGjZMoiRD--6HjQJHnR1xqeoy9y_0.07.43.009877-0.08.28.060988,,Garry Lee,Garry Lee,Rock solid,"David Vrcic (other, dr), Don Gomes (tp, p), Garry Lee (other, g, vib), Murray Wilkins (b), Roger Garrood (fl, other), Victoria Newton (bcl, voc)",ts,1990,Roger Garrood,
AQAQSUyWJdMyuEef4ccRDw1TQbuPHB8x_0.04.24.088163-0.05.18.004081,,Kenny Burrell,Kenny Burrell,Caravan,"Joe Henderson (ts), Jon Faddis (tp), Mel Lewis (other), Richie Goldberg (other), Thad Jones (flg, tp)",ss,1975,Jerome Richardson,
AQAQUlGUJEkS7YmCjNvxLbNSTB-aSQ8e_0.00.46.062566-0.04.36.089795,,Sonny Stitt,Sonny Stitt,Bernie's tune,"Art Pepper (as), Carl Burnett (dr), Chuck Domanico (b), Lou Levy (p)",ts,1980,Sonny Stitt,
AQAQUlGUJEkS7YmCjNvxLbNSTB-aSQ8e_0.05.58.080816-0.06.08.037551,,Sonny Stitt,Sonny Stitt,Bernie's tune,"Art Pepper (as), Carl Burnett (dr), Chuck Domanico (b), Lou Levy (p)",ts,1980,Sonny Stitt,
AQAQUlGUJEkS7YmCjNvxLbNSTB-aSQ8e_0.06.18.026938-0.06.27.041224,,Sonny Stitt,Sonny Stitt,Bernie's tune,"Art Pepper (as), Carl Burnett (dr), Chuck Domanico (b), Lou Levy (p)",ts,1980,Sonny Stitt,
AQAQUlGUJEkS7YmCjNvxLbNSTB-aSQ8e_0.06.32.031020-0.06.37.012653,,Sonny Stitt,Sonny Stitt,Bernie's tune,"Art Pepper (as), Carl Burnett (dr), Chuck Domanico (b), Lou Levy (p)",ts,1980,Sonny Stitt,
AQAQUlGUJEkS7YmCjNvxLbNSTB-aSQ8e_0.06.40.076734-0.06.46.061224,,Sonny Stitt,Sonny Stitt,Bernie's tune,"Art Pepper (as), Carl Burnett (dr), Chuck Domanico (b), Lou Levy (p)",ts,1980,Sonny Stitt,
AQAQUlGUJEkS7YmCjNvxLbNSTB-aSQ8e_0.06.50.062857-0.06.55.041224,,Sonny Stitt,Sonny Stitt,Bernie's tune,"Art Pepper (as), Carl Burnett (dr), Chuck Domanico (b), Lou Levy (p)",ts,1980,Sonny Stitt,
AQAQUlGUJEkS7YmCjNvxLbNSTB-aSQ8e_0.06.59.093469-0.07.04.093061,,Sonny Stitt,Sonny Stitt,Bernie's tune,"Art Pepper (as), Carl Burnett (dr), Chuck Domanico (b), Lou Levy (p)",ts,1980,Sonny Stitt,
AQAQUlGUJEkS7YmCjNvxLbNSTB-aSQ8e_0.07.09.012653-0.07.14.039891,,Sonny Stitt,Sonny Stitt,Bernie's tune,"Art Pepper (as), Carl Burnett (dr), Chuck Domanico (b), Lou Levy (p)",ts,1980,Sonny Stitt,
AQAQUlGUJEkS7YmCjNvxLbNSTB-aSQ8e_0.07.18.027664-0.07.23.080299,,Sonny Stitt,Sonny Stitt,Bernie's tune,"Art Pepper (as), Carl Burnett (dr), Chuck Domanico (b), Lou Levy (p)",ts,1980,Sonny Stitt,
AQAQUlGUJEkS7YmCjNvxLbNSTB-aSQ8e_0.07.28.002902-0.07.33.013741,,Sonny Stitt,Sonny Stitt,Bernie's tune,"Art Pepper (as), Carl Burnett (dr), Chuck Domanico (b), Lou Levy (p)",ts,1980,Sonny Stitt,
AQAQUlGUJEkS7YmCjNvxLbNSTB-aSQ8e_0.07.37.059564-0.07.42.054149,,Sonny Stitt,Sonny Stitt,Bernie's tune,"Art Pepper (as), Carl Burnett (dr), Chuck Domanico (b), Lou Levy (p)",ts,1980,Sonny Stitt,
AQAQaJyySeICbQ-arDp-3JiVrfgDJkey_0.01.54.041632-0.04.50.074285,,Sonny Stitt,Sonny Stitt,How high the moon,"Art Pepper (as), Carl Burnett (dr), Chuck Domanico (b), Lou Levy (p)",ts,1980,Sonny Stitt,
AQAQaJyySeICbQ-arDp-3JiVrfgDJkey_0.06.14.002702-0.06.20.066793,,Sonny Stitt,Sonny Stitt,How high the moon,"Art Pepper (as), Carl Burnett (dr), Chuck Domanico (b), Lou Levy (p)",ts,1980,Sonny Stitt,
AQAQaJyySeICbQ-arDp-3JiVrfgDJkey_0.06.27.091256-0.06.34.050702,,Sonny Stitt,Sonny Stitt,How high the moon,"Art Pepper (as), Carl Burnett (dr), Chuck Domanico (b), Lou Levy (p)",ts,1980,Sonny Stitt,
AQAQaJyySeICbQ-arDp-3JiVrfgDJkey_0.06.41.028725-0.06.44.030585,,Sonny Stitt,Sonny Stitt,How high the moon,"Art Pepper (as), Carl Burnett (dr), Chuck Domanico (b), Lou Levy (p)",ts,1980,Sonny Stitt,
AQAQaJyySeICbQ-arDp-3JiVrfgDJkey_0.06.47.097460-0.06.51.031827,,Sonny Stitt,Sonny Stitt,How high the moon,"Art Pepper (as), Carl Burnett (dr), Chuck Domanico (b), Lou Levy (p)",ts,1980,Sonny Stitt,
AQAQaJyySeICbQ-arDp-3JiVrfgDJkey_0.06.54.098702-0.06.58.065578,,Sonny Stitt,Sonny Stitt,How high the moon,"Art Pepper (as), Carl Burnett (dr), Chuck Domanico (b), Lou Levy (p)",ts,1980,Sonny Stitt,
AQAQaJyySeICbQ-arDp-3JiVrfgDJkey_0.07.02.064961-0.07.07.071156,,Sonny Stitt,Sonny Stitt,How high the moon,"Art Pepper (as), Carl Burnett (dr), Chuck Domanico (b), Lou Levy (p)",ts,1980,Sonny Stitt,
AQAQz-KXKFJwhMoOR0tOmNmO__BR_cQl_0.00.00.013931-0.00.44.021224,,Miles Davis,Miles Davis,Directions,,tp,1970,Miles Davis,
AQAQz-KXKFJwhMoOR0tOmNmO__BR_cQl_0.02.47.044489-0.03.27.015102,,Miles Davis,Miles Davis,Directions,,tp,1970,Miles Davis,
AQAQz-KXKFJwhMoOR0tOmNmO__BR_cQl_0.03.27.015102-0.06.00.037369,,Miles Davis,Miles Davis,Directions,,ss,1970,Gary Bartz,
AQARmUryaFGiJIKTH0mp9Mgz44GfFYzf_0.03.30.037278-0.04.41.051873,,Peter Appleyard,Peter Appleyard,After you've gone,"Bobby Hackett (cor), Hank Jones (p), Mel Lewis (dr), Peter Appleyard (vib), Slam Stewart (b), Urbie Green (tb), Zoot Sims (ts)",tp,1974,Bobby Hackett,cor
AQARmUryaFGiJIKTH0mp9Mgz44GfFYzf_0.06.59.063102-0.08.08.042448,,Peter Appleyard,Peter Appleyard,After you've gone,"Bobby Hackett (cor), Hank Jones (p), Mel Lewis (dr), Peter Appleyard (vib), Slam Stewart (b), Urbie Green (tb), Zoot Sims (ts)",voc,1974,Slam Stewart,
AQARmUryaFGiJIKTH0mp9Mgz44GfFYzf_0.08.21.061632-0.08.25.053469,,Peter Appleyard,Peter Appleyard,After you've gone,"Bobby Hackett (cor), Hank Jones (p), Mel Lewis (dr), Peter Appleyard (vib), Slam Stewart (b), Urbie Green (tb), Zoot Sims (ts)",tp,1974,Bobby Hackett,cor
AQAS1iKVKH2wPQp-lD8aJtFwKR_4iHiu_0.03.49.059891-0.06.13.000535,,Stan Kenton,,Granada,,tp,1970,"Dennis Noday,  Jim Kartchner,  Joe Ellis, Mike Vax, Warren Gale",
AQAS3VxEZUknXIGf4jnyqE2RHOt8MHkY_0.03.40.031092-0.05.51.008571,,Pete Jolly,Pete Jolly,Night and day,"Art Pepper (as), Bob Magnusson (b), Pete Jolly (p), Roy McCurdy (dr)",ts,1980,Art Pepper,as
AQAS3VxEZUknXIGf4jnyqE2RHOt8MHkY_0.06.59.067746-0.07.05.052888,,Pete Jolly,Pete Jolly,Night and day,"Art Pepper (as), Bob Magnusson (b), Pete Jolly (p), Roy McCurdy (dr)",ts,1980,Art Pepper,as
AQAS3VxEZUknXIGf4jnyqE2RHOt8MHkY_0.07.10.086947-0.07.16.058158,,Pete Jolly,Pete Jolly,Night and day,"Art Pepper (as), Bob Magnusson (b), Pete Jolly (p), Roy McCurdy (dr)",ts,1980,Art Pepper,as
AQAS3VxEZUknXIGf4jnyqE2RHOt8MHkY_0.07.21.017913-0.07.26.061260,,Pete Jolly,Pete Jolly,Night and day,"Art Pepper (as), Bob Magnusson (b), Pete Jolly (p), Roy McCurdy (dr)",ts,1980,Art Pepper,as
AQAS3VxEZUknXIGf4jnyqE2RHOt8MHkY_0.07.32.083555-0.07.37.047954,,Pete Jolly,Pete Jolly,Night and day,"Art Pepper (as), Bob Magnusson (b), Pete Jolly (p), Roy McCurdy (dr)",ts,1980,Art Pepper,as
AQAS3VxEZUknXIGf4jnyqE2RHOt8MHkY_0.07.42.086657-0.07.48.090376,,Pete Jolly,Pete Jolly,Night and day,"Art Pepper (as), Bob Magnusson (b), Pete Jolly (p), Roy McCurdy (dr)",ts,1980,Art Pepper,as
AQAS3VxEZUknXIGf4jnyqE2RHOt8MHkY_0.07.54.001215-0.07.58.014530,,Pete Jolly,Pete Jolly,Night and day,"Art Pepper (as), Bob Magnusson (b), Pete Jolly (p), Roy McCurdy (dr)",ts,1980,Art Pepper,as
AQAS3VxEZUknXIGf4jnyqE2RHOt8MHkY_0.09.02.041814-0.09.56.047419,,Pete Jolly,Pete Jolly,Night and day,"Art Pepper (as), Bob Magnusson (b), Pete Jolly (p), Roy McCurdy (dr)",ts,1980,Art Pepper,as
AQASFdTyKaESFN_y4HvgKcJ9NDJLxEbC_0.01.20.043392-0.04.24.033596,,Branford Marsalis,,My ideal,"Eric Revis (b), Joey Calderazzo (p), Justin Faulkner (dr)",ts,2011,Branford Marsalis,
AQASGNITKyNu9DTy4lEQng_GPEclK7Bz_0.01.12.009795-0.03.23.040680,,Garry Lee,Garry Lee,Heartvelt,,ss,1990,Roger Garrood,
AQASGNITKyNu9DTy4lEQng_GPEclK7Bz_0.03.41.042548-0.05.31.002367,,Garry Lee,Garry Lee,Heartvelt,,vib,1990,Garry Lee,
AQATaVMSSrqUwEGP0D-0PNGDH4-UHdfR_0.00.50.052662-0.02.37.033841,,Phil Woods,Phil Woods,Just a mood,"Bill Goodwin (dr), Brian Lynch (tp), Jim McNeely (p), Phil Woods (as), Steve Gilmore (b)",cl,1992,Phil Woods,
AQAUhZIadYo0PHvQxMdPOMrGonxW9LME_0.06.31.031428-0.08.59.029795,,Miroslav Vitous,Miroslav Vitous,Freedom jazz dance,"Herbie Hancock (p), Jack DeJohnette (dr), John McLaughlin (g), Miroslav Vitous (b)",ts,1969,Joe Henderson,
AQAVN1IWJZGSSFmCvsMvocngM7iUREeT_0.02.50.031836-0.05.14.061877,,Dr. Lonnie Smith,,Son of ice bag,"Lee Morgan (tp), Marion Booker (dr), Melvin Sparks (g)",ts,1968,David Newman ,
AQAWeFG6MUqUQTfuHUwewCfuIz3g44El_0.02.25.055428-0.04.48.039183,,Cedar Walton,Cedar Walton,My foolish heart,"Billy Higgins (dr), Buster Williams (b), Cedar Walton (p)",vib,1982,Bobby Hutcherson,
AQAWeFG6MUqUQTfuHUwewCfuIz3g44El_0.06.59.090965-0.08.06.064380,,Cedar Walton,Cedar Walton,My foolish heart,"Billy Higgins (dr), Buster Williams (b), Cedar Walton (p)",vib,1982,Bobby Hutcherson,
AQAWeFG6MUqUQTfuHUwewCfuIz3g44El_0.09.28.042448-0.11.44.020564,,Cedar Walton,Cedar Walton,My foolish heart,"Billy Higgins (dr), Buster Williams (b), Cedar Walton (p)",vib,1982,Bobby Hutcherson,
AQAbtosXZaYw5UOf43rwZ8GTaBRRHzc7_0.00.00.026122-0.04.17.064861,,Miles Davis,Miles Davis,It's about that time,,tp,1970,Miles Davis,
AQAbtosXZaYw5UOf43rwZ8GTaBRRHzc7_0.04.17.064861-0.08.17.009278,,Miles Davis,Miles Davis,It's about that time,,ts,1970,Gary Bartz,
AQAcmUqUMGlEJcITY_dxKcZ1IX2E5A-u_0.03.05.057464-0.04.45.052020,,Miles Davis,Miles Davis,What I say ?,John McLaughlin (g),tp,1970,Miles Davis,
AQAcmUqUMGlEJcITY_dxKcZ1IX2E5A-u_0.04.45.052020-0.07.13.035596,,Miles Davis,Miles Davis,What I say ?,John McLaughlin (g),ss,1970,Gary Bartz,
AQAfd2IvLsih9kKuPAnWB9R3PMet4MyO_0.01.58.059591-0.04.32.019591,,Phil Woods,Phil Woods,Song for Sisyphus,"Bill Goodwin (dr), Harry Leahey (g), Mike Melillo (p), Phil Woods (as), Steve Gilmore (b)",ts,1977,Phil Woods,as
AQAfd2IvLsih9kKuPAnWB9R3PMet4MyO_0.12.51.083129-0.13.35.085632,,Phil Woods,Phil Woods,Song for Sisyphus,"Bill Goodwin (dr), Harry Leahey (g), Mike Melillo (p), Phil Woods (as), Steve Gilmore (b)",ts,1977,Phil Woods,as
AQAfd2IvLsih9kKuPAnWB9R3PMet4MyO_0.13.40.003591-0.13.45.033006,,Phil Woods,Phil Woods,Song for Sisyphus,"Bill Goodwin (dr), Harry Leahey (g), Mike Melillo (p), Phil Woods (as), Steve Gilmore (b)",ts,1977,Phil Woods,as
AQAfd2IvLsih9kKuPAnWB9R3PMet4MyO_0.13.49.027746-0.13.54.010721,,Phil Woods,Phil Woods,Song for Sisyphus,"Bill Goodwin (dr), Harry Leahey (g), Mike Melillo (p), Phil Woods (as), Steve Gilmore (b)",ts,1977,Phil Woods,as
AQAfd2IvLsih9kKuPAnWB9R3PMet4MyO_0.13.58.056544-0.14.03.058095,,Phil Woods,Phil Woods,Song for Sisyphus,"Bill Goodwin (dr), Harry Leahey (g), Mike Melillo (p), Phil Woods (as), Steve Gilmore (b)",ts,1977,Phil Woods,as
AQAfd2IvLsih9kKuPAnWB9R3PMet4MyO_0.14.07.034258-0.14.13.024045,,Phil Woods,Phil Woods,Song for Sisyphus,"Bill Goodwin (dr), Harry Leahey (g), Mike Melillo (p), Phil Woods (as), Steve Gilmore (b)",ts,1977,Phil Woods,as
AQAfd2IvLsih9kKuPAnWB9R3PMet4MyO_0.14.16.067700-0.14.22.052843,,Phil Woods,Phil Woods,Song for Sisyphus,"Bill Goodwin (dr), Harry Leahey (g), Mike Melillo (p), Phil Woods (as), Steve Gilmore (b)",ts,1977,Phil Woods,as
AQAfd2IvLsih9kKuPAnWB9R3PMet4MyO_0.14.26.047582-0.14.32.000217,,Phil Woods,Phil Woods,Song for Sisyphus,"Bill Goodwin (dr), Harry Leahey (g), Mike Melillo (p), Phil Woods (as), Steve Gilmore (b)",ts,1977,Phil Woods,as
AQAfd2IvLsih9kKuPAnWB9R3PMet4MyO_0.14.35.081024-0.14.41.056879,,Phil Woods,Phil Woods,Song for Sisyphus,"Bill Goodwin (dr), Harry Leahey (g), Mike Melillo (p), Phil Woods (as), Steve Gilmore (b)",ts,1977,Phil Woods,as
AQAfd2IvLsih9kKuPAnWB9R3PMet4MyO_0.14.44.091247-0.14.47.079174,,Phil Woods,Phil Woods,Song for Sisyphus,"Bill Goodwin (dr), Harry Leahey (g), Mike Melillo (p), Phil Woods (as), Steve Gilmore (b)",ts,1977,Phil Woods,as
AQAfd2IvLsih9kKuPAnWB9R3PMet4MyO_0.14.49.023138-0.14.52.015709,,Phil Woods,Phil Woods,Song for Sisyphus,"Bill Goodwin (dr), Harry Leahey (g), Mike Melillo (p), Phil Woods (as), Steve Gilmore (b)",ts,1977,Phil Woods,as
AQAfd2IvLsih9kKuPAnWB9R3PMet4MyO_0.14.53.050385-0.14.56.066176,,Phil Woods,Phil Woods,Song for Sisyphus,"Bill Goodwin (dr), Harry Leahey (g), Mike Melillo (p), Phil Woods (as), Steve Gilmore (b)",ts,1977,Phil Woods,as
AQAfd2IvLsih9kKuPAnWB9R3PMet4MyO_0.14.58.024072-0.15.00.088780,,Phil Woods,Phil Woods,Song for Sisyphus,"Bill Goodwin (dr), Harry Leahey (g), Mike Melillo (p), Phil Woods (as), Steve Gilmore (b)",ts,1977,Phil Woods,as
AQAfd2IvLsih9kKuPAnWB9R3PMet4MyO_0.15.02.088471-0.15.05.090331,,Phil Woods,Phil Woods,Song for Sisyphus,"Bill Goodwin (dr), Harry Leahey (g), Mike Melillo (p), Phil Woods (as), Steve Gilmore (b)",ts,1977,Phil Woods,as
AQAfd2IvLsih9kKuPAnWB9R3PMet4MyO_0.15.07.048226-0.15.10.003646,,Phil Woods,Phil Woods,Song for Sisyphus,"Bill Goodwin (dr), Harry Leahey (g), Mike Melillo (p), Phil Woods (as), Steve Gilmore (b)",ts,1977,Phil Woods,as
AQAlD2cSSVSiBDCjFg_RnML0I1KOZMcX_0.01.47.092634-0.04.10.021823,,Henry Threadgill,,Ceroepic (for drums and percussion),"Christopher Hoffman (other), Elliot Humberto Kavee (other, dr), Henry Threadgill (as, fl), Jose Davila (other, tb), Liberty Ellman (g)",vln,2014,Christopher Hoffman,
AQAEmYsaSYkzXFGOfklQNcJ7Bo8uVJdz_0.00.49.053668-0.01.09.046938,Duke Ellington Small Groups Vol. 2 (1937-38),Barney Bigard And His Jazzopators,Barney Bigard,Drummer's Delight,"Barney Bigard (cl), Billy Taylor (b), Duke Ellington (p), Fred Guy (g), Harry Carney (bs), Juan Tizol (tb), Rex Stewart (cor), Sonny Greer (dr)",tb,1938,Juan Tizol,
AQAFNsmSJEsSRYoC_fgVhN_QF654nIoc_0.01.02.046167-0.01.50.027156,New Orleans Rhythm Kings ,New Orleans Rhythm Kings ,,Milenberg Joys ,"Ben Pollack (dr), Bob Gilette (bjo), Chink Martin (b), Don Murray (ts), George Brunies (tb), Glenn Scoville (ts, as), Jack Pettis (other), Jelly Roll Morton (p), Kyle Pierce (p), Leon Roppolo (cl, as), Paul Mares (cor)",tb,1923,George Brunies,
AQAFjZL0SFwS5Bn0Iw0fPEfyZUecH80b_0.02.06.050231-0.03.05.094539,Benny Goodman 1927-29,Mills Hotsy Totsy Gang,,Since You Went Away ,"Al Harris (cor), Ben Pollack (voc, dr), Benny Goodman (ss, cl, as), Bob Haring (other), Dick Morgan (bjo), Don Wilkinson (other), Elliott Jacoby (other), Gil Rodin (as, cl), Harry Goodman (b), Irving Mills (as Milton Irving) (voc, other), Irving Mills substituting either Alex Beller (p), Jack Teagarden (tb), Jimmy McPartland (cor), Larry Binyon (ts), Vic Breidis (p)",tb,1928,Jack Teagarden,
AQAFtcqk6FMU0MeP89jqVPhxKkfjLSdc_0.01.39.071047-0.01.44.053224,Miff Mole 1926-27,Red And Miff's Stompers,,Delirium ,"Alfie Evans (as), Arthur Schutt (other, p), Jimmy Dorsey (cl, as), Miff Mole (tb), Red Nichols (cor), Tony Colucci (bjo), Vic Berton (dr)",tb,1927,Miff Mole,
AQAFtcqk6FMU0MeP89jqVPhxKkfjLSdc_0.01.49.084408-0.01.52.054965,Miff Mole 1926-27,Red And Miff's Stompers,,Delirium ,"Alfie Evans (as), Arthur Schutt (other, p), Jimmy Dorsey (cl, as), Miff Mole (tb), Red Nichols (cor), Tony Colucci (bjo), Vic Berton (dr)",tb,1927,Miff Mole,
AQAFtcqk6FMU0MeP89jqVPhxKkfjLSdc_0.01.55.011183-0.01.57.027673,Miff Mole 1926-27,Red And Miff's Stompers,,Delirium ,"Alfie Evans (as), Arthur Schutt (other, p), Jimmy Dorsey (cl, as), Miff Mole (tb), Red Nichols (cor), Tony Colucci (bjo), Vic Berton (dr)",tb,1927,Miff Mole,
AQAGDl8YSWvwyCIuPeiPR7dgTT-qxxvy_0.01.28.065378-0.01.52.094185,Red Nichols 1927,Red Nichols & His Five Pennies,Red Nichols,Mean Dog Blues ,"Adrian Rollini (bs), Arthur Schutt (p), Eddie Lang (g), Jimmy Dorsey (as), Miff Mole (tb), Red Nichols (cor), Vic Berton (dr)",tb,1927,Miff Mole,
AQAGFolCOsmUJGhmE3m042_QNBeJSGRW_0.00.05.088385-0.00.35.058698,Red Nichols 1927,The Charleston Chasers,,My Gal Sal ,"Arthur Schutt (p), Dick McDonough (bjo, g), Jimmy Dorsey (cl, as), Joe Tarto (b), Miff Mole (tb), Red Nichols (cor), Vic Berton (other, dr)",tb,1927,Miff Mole,
AQAGLYqULVmWRBH2xIS7BZd14aMH_0d__0.00.29.035292-0.01.36.070603,Duke Ellington Small Groups Vol. 5 (1940-41),Rex Stewart And His Orchestra,Rex Stewart,Subtle Slough,"Ben Webster (ts), Duke Ellington (p), Harry Carney (bs, as), Jimmy Blanton (b), Lawrence Brown (tb), Rex Stewart (cor), Sonny Greer (dr)",tb,1941,Lawrence Brown,
AQAGM0oSLk0ULUHTH09wkUfDKCz-IGcC_0.01.31.000952-0.01.35.045142,Duke Ellington Small Groups Vol. 5 (1940-41),Rex Stewart And His Orchestra,Rex Stewart,Menelik (The Lion Of Judah),"Ben Webster (ts), Duke Ellington (p), Harry Carney (as, bs), Jimmy Blanton (b), Lawrence Brown (tb), Rex Stewart (cor), Sonny Greer (dr)",tb,1941,Lawrence Brown,
AQAGM0oSLk0ULUHTH09wkUfDKCz-IGcC_0.01.41.004689-0.01.54.077333,Duke Ellington Small Groups Vol. 5 (1940-41),Rex Stewart And His Orchestra,Rex Stewart,Menelik (The Lion Of Judah),"Ben Webster (ts), Duke Ellington (p), Harry Carney (as, bs), Jimmy Blanton (b), Lawrence Brown (tb), Rex Stewart (cor), Sonny Greer (dr)",tb,1941,Lawrence Brown,
AQAGM0oSLk0ULUHTH09wkUfDKCz-IGcC_0.02.00.036353-0.02.03.066222,Duke Ellington Small Groups Vol. 5 (1940-41),Rex Stewart And His Orchestra,Rex Stewart,Menelik (The Lion Of Judah),"Ben Webster (ts), Duke Ellington (p), Harry Carney (as, bs), Jimmy Blanton (b), Lawrence Brown (tb), Rex Stewart (cor), Sonny Greer (dr)",tb,1941,Lawrence Brown,
AQAGM0oSLk0ULUHTH09wkUfDKCz-IGcC_0.02.03.066222-0.02.51.054539,Duke Ellington Small Groups Vol. 5 (1940-41),Rex Stewart And His Orchestra,Rex Stewart,Menelik (The Lion Of Judah),"Ben Webster (ts), Duke Ellington (p), Harry Carney (as, bs), Jimmy Blanton (b), Lawrence Brown (tb), Rex Stewart (cor), Sonny Greer (dr)",tb,1941,Lawrence Brown,
AQAGOVLCLMkUTfjh13iP_8gv6DkupsET_0.01.21.037142-0.02.04.083047,Fletcher Henderson 1923 & 24,Fletcher Henderson And His Orchestra,Fletcher Henderson,Muscle Shoals Blues ,"Charlie Dixon (bjo), Coleman Hawkins (ts, bs), Don Redman (other, as, cl), Elmer Chambers (cor), Fletcher Henderson (other, p), Howard Scott (cor), Kaiser Marshall (d) unknown (other), Lonnie Brown (ts), Ralph Escudero (b), Teddy Nixon (tb)",tb,1924,Teddy Nixon,
